##############
# Stadiums 

# -- Africa

africa/ma-morocco--stadiums
africa/za-south-africa--stadiums

# -- Europe

europe/at-austria--stadiums
europe/ch-switzerland--stadiums
europe/de-deutschland--stadiums
europe/eng-england--stadiums
europe/es-espana--stadiums
europe/fr-france--stadiums
europe/it-italy--stadiums
europe/nl-netherlands--stadiums
europe/pl-poland--stadiums
europe/pt-portugal--stadiums
europe/ua-ukraine--stadiums

# -- North America

north-america/ca-canada--stadiums
north-america/mx-mexico--stadiums
north-america/us-united-states--stadiums

# -- South America

south-america/ar-argentina--stadiums
south-america/bo-bolivia--stadiums
south-america/br-brazil--stadiums
south-america/cl-chile--stadiums
south-america/co-colombia--stadiums
south-america/ec-ecuador--stadiums
south-america/pe-peru--stadiums
south-america/py-paraguay--stadiums
south-america/uy-uruguay--stadiums
south-america/ve-venezuela--stadiums

